no,prefecture_en,prefecture_ja,city_en,city_ja,type,keywords
01,Hokkaido,北海道,Sapporo,札幌,capital,Sapporo;Sapporo snow festival;Odori Park;Hokkaido winter
02,Aomori,青森,Aomori,青森,capital,Aomori;Nebuta festival;Hirosaki castle cherry blossom;Oirase stream
03,Iwate,岩手,Morioka,盛岡,capital,Morioka;Iwate;Hiraizumi Chusonji;Japan countryside autumn
04,Miyagi,宮城,Sendai,仙台,capital,Sendai;Matsushima bay;Sendai Tanabata;Zuihoden
05,Akita,秋田,Akita,秋田,capital,Akita;Kakunodate samurai district;Kanto festival;Lake Tazawa
06,Yamagata,山形,Yamagata,山形,capital,Yamagata;Yamadera temple;Zao snow monsters;Ginzan onsen
07,Fukushima,福島,Aizuwakamatsu,会津若松,famous,Aizuwakamatsu;Tsuruga castle;Ouchi-juku;Fukushima autumn
08,Ibaraki,茨城,Mito,水戸,capital,Mito;Kairakuen plum;Hitachi Seaside Park nemophila;Ibaraki
09,Tochigi,栃木,Nikko,日光,famous,Nikko;Toshogu shrine;Kegon falls;Shinkyo bridge
10,Gunma,群馬,Kusatsu,草津,famous,Kusatsu onsen;Yubatake;Gunma hot spring;Japan onsen town
11,Saitama,埼玉,Kawagoe,川越,famous,Kawagoe;Little Edo;Kawagoe bell tower;Saitama
12,Chiba,千葉,Chiba,千葉,capital,Chiba;Makuhari;Narita temple;Chiba coast
13,Tokyo,東京,Tokyo,東京,capital,Tokyo;Shibuya crossing;Shinjuku night;Asakusa Sensoji;Tokyo Tower
14,Kanagawa,神奈川,Yokohama,横浜,capital,Yokohama;Minato Mirai;Yokohama Chinatown;Kamakura Great Buddha
15,Niigata,新潟,Niigata,新潟,capital,Niigata;Niigata rice field;Sado island;Niigata snow
16,Toyama,富山,Toyama,富山,capital,Toyama;Tateyama Kurobe snow wall;Toyama bay;Gokayama
17,Ishikawa,石川,Kanazawa,金沢,capital,Kanazawa;Kenrokuen;Higashi Chaya;Kanazawa gold leaf
18,Fukui,福井,Fukui,福井,capital,Fukui;Tojinbo cliffs;Eiheiji temple;Fukui dinosaur
19,Yamanashi,山梨,Fujikawaguchiko,富士河口湖,famous,Lake Kawaguchiko;Mount Fuji;Chureito pagoda;Fujiyoshida
20,Nagano,長野,Nagano,長野,capital,Nagano;Zenkoji temple;Jigokudani snow monkey;Matsumoto castle
21,Gifu,岐阜,Takayama,高山,famous,Takayama;Takayama old town;Shirakawa-go;Hida
22,Shizuoka,静岡,Shizuoka,静岡,capital,Shizuoka;Mount Fuji tea fields;Shizuoka coast;Nihondaira
23,Aichi,愛知,Nagoya,名古屋,capital,Nagoya;Nagoya castle;Osu shopping street;Nagoya night
24,Mie,三重,Ise,伊勢,famous,Ise Jingu;Ise shrine;Meoto Iwa;Mie coast
25,Shiga,滋賀,Otsu,大津,capital,Otsu;Lake Biwa;Shirahige shrine torii;Hikone castle
26,Kyoto,京都,Kyoto,京都,capital,Kyoto;Fushimi Inari;Arashiyama bamboo;Kiyomizudera;Gion geisha street
27,Osaka,大阪,Osaka,大阪,capital,Osaka;Dotonbori;Osaka castle;Osaka street food
28,Hyogo,兵庫,Kobe,神戸,capital,Kobe;Kobe harbor night;Himeji castle;Kobe port tower
29,Nara,奈良,Nara,奈良,capital,Nara;Nara deer park;Todaiji;Nara temple
30,Wakayama,和歌山,Koyasan,高野山,famous,Koyasan;Okunoin cemetery;Nachi falls;Wakayama
31,Tottori,鳥取,Tottori,鳥取,capital,Tottori sand dunes;Tottori;Japan desert;Uradome coast
32,Shimane,島根,Matsue,松江,capital,Matsue castle;Lake Shinji sunset;Izumo taisha;Shimane
33,Okayama,岡山,Okayama,岡山,capital,Okayama;Korakuen garden;Kurashiki canal;Okayama castle
34,Hiroshima,広島,Hiroshima,広島,capital,Hiroshima;Itsukushima torii;Miyajima;Hiroshima streetcar
35,Yamaguchi,山口,Yamaguchi,山口,capital,Yamaguchi;Kintaikyo bridge;Motonosumi shrine;Tsunoshima bridge
36,Tokushima,徳島,Tokushima,徳島,capital,Tokushima;Awa odori;Naruto whirlpool;Iya valley vine bridge
37,Kagawa,香川,Takamatsu,高松,capital,Takamatsu;Ritsurin garden;Naoshima art;Sanuki udon
38,Ehime,愛媛,Matsuyama,松山,capital,Matsuyama;Dogo onsen;Matsuyama castle;Shimanami kaido
39,Kochi,高知,Kochi,高知,capital,Kochi;Kochi castle;Katsurahama;Shimanto river
40,Fukuoka,福岡,Fukuoka,福岡,capital,Fukuoka;Fukuoka yatai;Hakata;Dazaifu
41,Saga,佐賀,Saga,佐賀,capital,Saga balloon fiesta;Yutoku Inari;Arita porcelain;Saga
42,Nagasaki,長崎,Nagasaki,長崎,capital,Nagasaki;Nagasaki night view;Glover garden;Nagasaki harbor
43,Kumamoto,熊本,Kumamoto,熊本,capital,Kumamoto castle;Mount Aso;Kumamoto;Aso grassland
44,Oita,大分,Beppu,別府,famous,Beppu;Beppu hells;Beppu onsen steam;Yufuin
45,Miyazaki,宮崎,Miyazaki,宮崎,capital,Miyazaki;Takachiho gorge;Aoshima shrine;Miyazaki coast
46,Kagoshima,鹿児島,Kagoshima,鹿児島,capital,Kagoshima;Sakurajima volcano;Sengan-en;Yakushima
47,Okinawa,沖縄,Naha,那覇,capital,Naha;Okinawa beach;Shurijo castle;Kokusai street
