No,内容
1,60人以上からお金を借りた、天才歌人がいる
2,石川啄木。教科書にも出てくる人だよね
3,26年の短い人生で、借りた相手は60人以上
4,中でも一番頼ったのが、同郷の先輩
5,のちに言語学者になる、金田一京助
6,啄木は、金田一の下宿に転がり込んだ
7,食事の費用まで、金田一が払ってた
8,下宿代が払えず、4か月で引っ越したことも
9,そんな啄木が残した、有名な歌がある
10,「はたらけど はたらけど猶」
11,「わが生活楽にならざり ぢつと手を見る」
12,昔の話だって思うよね？
13,でも、友だちにお金を貸したこと、ない？
14,「今度返すね」が、そのままになったり
15,それ、お金より先に関係が傷むんだ
16,結論、貸すなら「あげてもいい額」だけ
17,返ってこなくても、恨まない額ってこと
18,よく「貸し借りはしない」って言うよね
19,確かに、それが一番シンプルな守り方
20,でも、困ってる人を断るのもつらい
21,金田一は、自分の暮らしを削って支えた
22,でも、自分が倒れたら誰も助けられない
23,だから、先に自分の今日を守る
24,そのうえで、手放せる分だけ差し出す
25,それが、関係を長く続けるコツなんだ
26,あなたなら、いくらまでなら貸せる？
27,コメントで教えてね
28,啄木の歌、最初からもう一回聞いてみて
